{"cameraMode":{"drawMode":0,"name":"Shaded","section":"Shading Mode"},"sceneLighting":true,"audioPlay":false,"sceneViewState":{"showFog":true,"showMaterialUpdate":false,"showSkybox":true,"showFlares":true,"showImageEffects":true,"showParticleSystems":true,"showVisualEffectGraphs":true,"m_FxEnabled":true},"in2DMode":false,"pivot":{"x":-15.038267135620118,"y":-26.951507568359376,"z":45.08119201660156},"rotation":{"x":-0.26706966757774355,"y":0.13188980519771577,"z":-0.03696536645293236,"w":-0.9538751840591431},"size":56.575557708740237,"orthographic":false}